dataset,n,nnz,C,dtype,frontier,edges,group,ms,gedges_s,gb_s,full_spmm_ms
sbm-n1000000-K2-d10,1000000,9999902,2,float32,10000,99828,4,0.48648638725280763,0.20520204185718224,4.043788380408883,16.160552978515625
sbm-n1000000-K2-d10,1000000,9999902,2,float32,10000,99828,8,0.43978562355041506,0.22699241324462296,4.473197609595084,16.160552978515625
sbm-n1000000-K2-d10,1000000,9999902,2,float32,10000,99828,16,0.5341055870056153,0.18690686341566104,3.683256733989786,16.160552978515625
sbm-n1000000-K2-d10,1000000,9999902,2,float32,10000,99828,0,0.6494336128234863,0.15371548073402985,3.0291749012607556,16.160552978515625
sbm-n1000000-K2-d10,1000000,9999902,2,float32,1000000,9999902,4,9.257164764404298,1.0802337707601015,21.280644453634388,16.160552978515625
sbm-n1000000-K2-d10,1000000,9999902,2,float32,1000000,9999902,8,8.733417510986328,1.1450159101429056,22.556854948499023,16.160552978515625
sbm-n1000000-K2-d10,1000000,9999902,2,float32,1000000,9999902,16,8.663875579833984,1.1542065566218134,22.737911017389614,16.160552978515625
sbm-n1000000-K2-d10,1000000,9999902,2,float32,1000000,9999902,0,9.501830291748046,1.0524185018000698,20.73268264653023,16.160552978515625
sbm-n1000000-K2-d10,1000000,9999902,8,float32,10000,100376,4,0.33159360885620115,0.30270788495060846,15.395471636529193,75.21277465820313
sbm-n1000000-K2-d10,1000000,9999902,8,float32,10000,100376,8,0.3496000051498413,0.2871167005760714,14.602516947366576,75.21277465820313
sbm-n1000000-K2-d10,1000000,9999902,8,float32,10000,100376,16,0.32930879592895507,0.30480813522410455,15.502288621228809,75.21277465820313
sbm-n1000000-K2-d10,1000000,9999902,8,float32,10000,100376,0,0.3295232057571411,0.30460980667315185,15.492201795834733,75.21277465820313
sbm-n1000000-K2-d10,1000000,9999902,8,float32,1000000,9999902,4,11.147264099121093,0.8970723139849572,45.66107660803801,75.21277465820313
sbm-n1000000-K2-d10,1000000,9999902,8,float32,1000000,9999902,8,10.547417449951173,0.948090093850063,48.25788705294454,75.21277465820313
sbm-n1000000-K2-d10,1000000,9999902,8,float32,1000000,9999902,16,10.549753570556641,0.9478801502917353,48.24720090339927,75.21277465820313
sbm-n1000000-K2-d10,1000000,9999902,8,float32,1000000,9999902,0,11.191136169433594,0.8935555647435317,45.48207369598661,75.21277465820313
sbm-n1000000-K2-d10,1000000,9999902,16,float32,10000,100147,4,0.33659839630126953,0.29752667006281364,27.512264175232115,155.60028076171875
sbm-n1000000-K2-d10,1000000,9999902,16,float32,10000,100147,8,0.3409055948257446,0.29376754597175375,27.164658311734623,155.60028076171875
sbm-n1000000-K2-d10,1000000,9999902,16,float32,10000,100147,16,0.6113279819488525,0.1638187731579722,15.148307084649035,155.60028076171875
sbm-n1000000-K2-d10,1000000,9999902,16,float32,10000,100147,0,0.35142719745635986,0.2849722523608499,26.351358309853,155.60028076171875
sbm-n1000000-K2-d10,1000000,9999902,16,float32,1000000,9999902,4,11.927718353271484,0.8383750943664149,77.54986466010047,155.60028076171875
sbm-n1000000-K2-d10,1000000,9999902,16,float32,1000000,9999902,8,11.646975708007812,0.8585835714523405,79.41915285047142,155.60028076171875
sbm-n1000000-K2-d10,1000000,9999902,16,float32,1000000,9999902,16,11.738521575927734,0.8518876875011984,78.7997822397745,155.60028076171875
sbm-n1000000-K2-d10,1000000,9999902,16,float32,1000000,9999902,0,12.345478057861328,0.8100052467091206,74.9256480522425,155.60028076171875
sbm-n1000000-K2-d10,1000000,9999902,40,float32,10000,100017,0,0.5431871891021729,0.18412989482560663,40.00988321525395,394.0544921875
sbm-n1000000-K2-d10,1000000,9999902,40,float32,1000000,9999902,0,15.904730224609375,0.6287376056543958,136.62498547996395,394.0544921875
