tag,dataset,K,batch,solver,n_active,n_u,nnz,inserted,deleted,iters,edges,sweeps,ms,setup_ms,path,err_max,cert_self,cert_post,hmax,hmax_ref,agree,acc_true,build_ms,ref_ms,delta,tol,dtype,group
small,sbm-n1000000-K2-d10,2,0,dynlp,950000,940448,8848272,950000,0,125,973022136,109.96747568338768,913.3602000001702,0.0,frontier-jacobi,nan,nan,nan,nan,nan,nan,0.9964527544319303,213.5246000002553,nan,0.0001,0.001,float32,auto
small,sbm-n1000000-K2-d10,2,0,dynlp+push,950000,940448,8848272,950000,0,163,812585956,91.83555342783315,3235.5712999997195,0.0,push,nan,0.0008411028203301069,nan,120.24433241767679,nan,nan,0.9965314403348191,213.5246000002553,nan,0.0001,0.001,float32,auto
small,sbm-n1000000-K2-d10,2,0,dynlp+auto,950000,940448,8848272,950000,0,31,327386064,37.0,641.155499999968,0.0,pcg,nan,0.0004131858109743565,nan,120.24089261206724,nan,nan,0.9965271870427711,213.5246000002553,nan,0.0001,0.001,float32,auto
small,sbm-n1000000-K2-d10,2,1,dynlp,952250,942674,8890136,2500,250,31,86363906,9.71457646992127,142.31999999992695,0.0,frontier-jacobi,nan,nan,nan,nan,nan,nan,0.9964823470255889,206.24520000001212,nan,0.0001,0.001,float32,auto
small,sbm-n1000000-K2-d10,2,1,dynlp+push,952250,942674,8890136,2500,250,400,199274141,22.415196010499727,1650.6326000003355,0.0,push,nan,0.0008357367203666719,nan,120.3270677253371,nan,nan,0.9965470565646236,206.24520000001212,nan,0.0001,0.001,float32,auto
small,sbm-n1000000-K2-d10,2,1,dynlp+auto,952250,942674,8890136,2500,250,324,73899378,8.312513779316761,886.3882000000558,0.0,push,nan,0.0008321427263372276,nan,122.3507946585932,nan,nan,0.9965470565646236,206.24520000001212,nan,0.0001,0.001,float32,auto
small,sbm-n1000000-K2-d10,2,2,dynlp,954500,944891,8931714,2500,250,24,79122561,8.858608885147913,105.33310000027996,0.0,frontier-jacobi,nan,nan,nan,nan,nan,nan,0.9965001254112908,171.08689999986382,nan,0.0001,0.001,float32,auto
small,sbm-n1000000-K2-d10,2,2,dynlp+push,954500,944891,8931714,2500,250,446,164647426,18.43402352560774,1405.1045999999587,0.0,push,nan,0.0008320466178441053,nan,120.6047925870537,nan,nan,0.9965615081527922,171.08689999986382,nan,0.0001,0.001,float32,auto
small,sbm-n1000000-K2-d10,2,2,dynlp+auto,954500,944891,8931714,2500,250,586,174686801,19.558037908513416,1676.513100000193,0.0,push,nan,0.0008190674731632528,nan,120.61153584740283,nan,nan,0.9965615081527922,171.08689999986382,nan,0.0001,0.001,float32,auto
small,sbm-n1000000-K2-d10,2,3,dynlp,956750,947113,8973366,2500,250,22,75347173,8.396756913737832,90.56729999974777,0.0,frontier-jacobi,nan,nan,nan,nan,nan,nan,0.9965294531909076,174.3268000000171,nan,0.0001,0.001,float32,auto
small,sbm-n1000000-K2-d10,2,3,dynlp+push,956750,947113,8973366,2500,250,437,172136225,19.183016161382472,1692.5289999999222,0.0,push,nan,0.0008363559851276456,nan,120.58012092673974,nan,nan,0.9965664075986709,174.3268000000171,nan,0.0001,0.001,float32,auto
small,sbm-n1000000-K2-d10,2,3,dynlp+auto,956750,947113,8973366,2500,250,381,164401244,18.32102290266551,1470.0605000002724,0.0,push,nan,0.0008379048740931326,nan,120.60508956807756,nan,nan,0.9965653517584491,174.3268000000171,nan,0.0001,0.001,float32,auto
small,sbm-n1000000-K2-d10,2,4,dynlp,959000,949334,9015474,2500,250,19,71755883,7.959191385832847,107.04429999987042,0.0,frontier-jacobi,nan,nan,nan,nan,nan,nan,0.9965660136474623,212.00820000012754,nan,0.0001,0.001,float32,auto
small,sbm-n1000000-K2-d10,2,4,dynlp+push,959000,949334,9015474,2500,250,432,209995352,23.29276885497091,1758.1061000000773,0.0,push,nan,0.0008297812530767497,nan,120.50091442519313,nan,nan,0.996588134418445,212.00820000012754,nan,0.0001,0.001,float32,auto
small,sbm-n1000000-K2-d10,2,4,dynlp+auto,959000,949334,9015474,2500,250,518,210286835,23.32510026649736,1975.8161999998265,0.0,push,nan,0.0008350330876342041,nan,120.51567553883325,nan,nan,0.996588134418445,212.00820000012754,nan,0.0001,0.001,float32,auto
small,sbm-n1000000-K2-d10,2,5,dynlp,961250,951569,9057612,2500,250,17,70399221,7.7723820583173575,88.48559999978534,0.0,frontier-jacobi,nan,nan,nan,nan,nan,nan,0.9965919444622513,177.47060000010606,nan,0.0001,0.001,float32,auto
small,sbm-n1000000-K2-d10,2,5,dynlp+push,961250,951569,9057612,2500,250,456,99267930,10.959613858487204,1261.4948999998887,0.0,push,nan,0.0008303243326011801,nan,122.01055923219437,nan,nan,0.9966077079013713,177.47060000010606,nan,0.0001,0.001,float32,auto
small,sbm-n1000000-K2-d10,2,5,dynlp+auto,961250,951569,9057612,2500,250,483,99593124,10.995516699103472,1512.645700000121,0.0,push,nan,0.0008332595635827722,nan,122.05113691821663,nan,nan,0.9966087587973127,177.47060000010606,nan,0.0001,0.001,float32,auto
small,sbm-n1000000-K2-d10,2,6,dynlp,963500,953798,9099934,2500,250,15,69124512,7.596155312774796,64.69950000018798,0.0,frontier-jacobi,nan,nan,nan,nan,nan,nan,0.9966145871557709,359.0604999999414,nan,0.0001,0.001,float32,auto
small,sbm-n1000000-K2-d10,2,6,dynlp+push,963500,953798,9099934,2500,250,21,48292798,5.306939369010808,178.06240000027174,0.0,push,nan,0.0008463901672249461,nan,126.23723159296364,nan,nan,0.9966292653161362,359.0604999999414,nan,0.0001,0.001,float32,auto
small,sbm-n1000000-K2-d10,2,6,dynlp+auto,963500,953798,9099934,2500,250,22,48301710,5.307918716773111,194.5517000003747,0.0,push,nan,0.0008399836572034278,nan,126.1100428958243,nan,nan,0.9966292653161362,359.0604999999414,nan,0.0001,0.001,float32,auto
small,sbm-n1000000-K2-d10,2,7,dynlp,965750,956024,9142276,2500,250,15,72129000,7.889610858390187,94.07699999974284,0.0,frontier-jacobi,nan,nan,nan,nan,nan,nan,0.9966245617264838,594.1563000001224,nan,0.0001,0.001,float32,auto
small,sbm-n1000000-K2-d10,2,7,dynlp+push,965750,956024,9142276,2500,250,26,50370489,5.509622439751326,241.26429999978427,0.0,push,nan,0.0008185159788179338,nan,126.19910993441218,nan,nan,0.9966381597114716,594.1563000001224,nan,0.0001,0.001,float32,auto
small,sbm-n1000000-K2-d10,2,7,dynlp+auto,965750,956024,9142276,2500,250,25,50350120,5.507394438759014,229.5760000001792,0.0,push,nan,0.0008212455139313034,nan,126.19795577872506,nan,nan,0.9966381597114716,594.1563000001224,nan,0.0001,0.001,float32,auto
small,sbm-n1000000-K2-d10,2,8,dynlp,968000,958243,9184818,2500,250,14,70857976,7.714684820102042,118.81170000015118,0.0,frontier-jacobi,nan,nan,nan,nan,nan,nan,0.9966522061731732,581.5991999998005,nan,0.0001,0.001,float32,auto
small,sbm-n1000000-K2-d10,2,8,dynlp+push,968000,958243,9184818,2500,250,611,197365858,21.488270970638723,2178.7899999999354,0.0,push,nan,0.0007926416275108877,nan,120.50963051830009,nan,nan,0.9966689033992422,581.5991999998005,nan,0.0001,0.001,float32,auto
small,sbm-n1000000-K2-d10,2,8,dynlp+auto,968000,958243,9184818,2500,250,599,197846629,21.540615067168453,2182.401000000027,0.0,push,nan,0.0007936678973632599,nan,120.51759930949892,nan,nan,0.9966689033992422,581.5991999998005,nan,0.0001,0.001,float32,auto
small,sbm-n1000000-K2-d10,2,9,dynlp,970250,960469,9227258,2500,250,14,70375578,7.626922104053014,91.45690000013929,0.0,frontier-jacobi,nan,nan,nan,nan,nan,nan,0.9966672531856833,568.0778000000828,nan,0.0001,0.001,float32,auto
small,sbm-n1000000-K2-d10,2,9,dynlp+push,970250,960469,9227258,2500,250,80,60970015,6.607598378629924,392.656800000168,0.0,push,nan,0.0008523904259195393,nan,125.86477515303964,nan,nan,0.9966901586620703,568.0778000000828,nan,0.0001,0.001,float32,auto
small,sbm-n1000000-K2-d10,2,9,dynlp+auto,970250,960469,9227258,2500,250,108,61021724,6.613202318608627,422.87149999992835,0.0,push,nan,0.0008537320528133976,nan,126.07929625850316,nan,nan,0.9966911998200879,568.0778000000828,nan,0.0001,0.001,float32,auto
small,sbm-n1000000-K2-d10,2,10,dynlp,972500,962697,9269840,2500,250,14,70441727,7.599022960482597,93.85299999985364,0.0,frontier-jacobi,nan,nan,nan,nan,nan,nan,0.9966967799837332,538.5926999997537,nan,0.0001,0.001,float32,auto
small,sbm-n1000000-K2-d10,2,10,dynlp+push,972500,962697,9269840,2500,250,20,49345608,5.323242688115437,212.86089999966862,0.0,push,nan,0.0008203070420452379,nan,126.01477273182442,nan,nan,0.9967040512227627,538.5926999997537,nan,0.0001,0.001,float32,auto
small,sbm-n1000000-K2-d10,2,10,dynlp+auto,972500,962697,9269840,2500,250,18,203936480,22.0,448.646099999678,0.0,pcg,nan,0.0006596749538731219,nan,119.564281839091,nan,nan,0.9967061287196283,538.5926999997537,nan,0.0001,0.001,float32,auto
small,sbm-n1000000-K2-d10,2,11,dynlp,974750,964922,9312254,2500,250,14,71709089,7.700508276513935,75.29599999998027,0.0,frontier-jacobi,nan,nan,nan,nan,nan,nan,0.9967157967172476,590.2624999998807,nan,0.0001,0.001,float32,auto
small,sbm-n1000000-K2-d10,2,11,dynlp+push,974750,964922,9312254,2500,250,105,59858192,6.427895115403854,393.45030000004044,0.0,push,nan,0.0008142551327527138,nan,125.76569103707149,nan,nan,0.9967168330704451,590.2624999998807,nan,0.0001,0.001,float32,auto
small,sbm-n1000000-K2-d10,2,11,dynlp+auto,974750,964922,9312254,2500,250,69,54893995,5.894812899218599,320.8912000000055,0.0,push,nan,0.0008556996230300709,nan,125.52856938492488,nan,nan,0.9967157967172476,590.2624999998807,nan,0.0001,0.001,float32,auto
small,sbm-n1000000-K2-d10,2,12,dynlp,977000,967148,9355336,2500,250,13,72679006,7.768722149583938,77.52320000008694,0.0,frontier-jacobi,nan,nan,nan,nan,nan,nan,0.9967419671032769,593.7856000000465,nan,0.0001,0.001,float32,auto
small,sbm-n1000000-K2-d10,2,12,dynlp+push,977000,967148,9355336,2500,250,495,211696465,22.62841922513526,1861.1918999999943,0.0,push,nan,0.0007984907181016378,nan,120.43802905323703,nan,nan,0.9967523067824159,593.7856000000465,nan,0.0001,0.001,float32,auto
small,sbm-n1000000-K2-d10,2,12,dynlp+auto,977000,967148,9355336,2500,250,18,205817392,22.0,517.1839999998156,0.0,pcg,nan,0.00044891902649580917,nan,119.37056679326604,nan,nan,0.9967595445578132,593.7856000000465,nan,0.0001,0.001,float32,auto
small,sbm-n1000000-K2-d10,2,13,dynlp,979250,969374,9398224,2500,250,14,71336214,7.590393035960837,87.72399999998015,0.0,frontier-jacobi,nan,nan,nan,nan,nan,nan,0.9967463538324733,607.1987000000263,nan,0.0001,0.001,float32,auto
small,sbm-n1000000-K2-d10,2,13,dynlp+push,979250,969374,9398224,2500,250,77,59843542,6.367537313432836,376.5618000002178,0.0,push,nan,0.0008541599964557616,nan,125.81774194263966,nan,nan,0.9967494486132288,607.1987000000263,nan,0.0001,0.001,float32,auto
small,sbm-n1000000-K2-d10,2,13,dynlp+auto,979250,969374,9398224,2500,250,20,49113998,5.225880762152509,211.45750000005137,0.0,push,nan,0.0008545336979040861,nan,125.31987548850783,nan,nan,0.9967638909234207,607.1987000000263,nan,0.0001,0.001,float32,auto
small,sbm-n1000000-K2-d10,2,14,dynlp,981500,971603,9441006,2500,250,14,71265343,7.548490383334149,95.7765000002837,0.0,frontier-jacobi,nan,nan,nan,nan,nan,nan,0.9967713150329919,619.570300000305,nan,0.0001,0.001,float32,auto
small,sbm-n1000000-K2-d10,2,14,dynlp+push,981500,971603,9441006,2500,250,22,50288932,5.3266497235570025,250.96299999995608,0.0,push,nan,0.0008150748857800134,nan,125.83580251761235,nan,nan,0.9967764611677815,619.570300000305,nan,0.0001,0.001,float32,auto
small,sbm-n1000000-K2-d10,2,14,dynlp+auto,981500,971603,9441006,2500,250,43,53269591,5.642363854021489,378.0323999999382,0.0,push,nan,0.0008167522747799527,nan,125.3465181915049,nan,nan,0.9967888118912765,619.570300000305,nan,0.0001,0.001,float32,auto
small,sbm-n1000000-K2-d10,2,15,dynlp,983750,973828,9484060,2500,250,13,71267080,7.51440627748032,82.15440000003582,0.0,frontier-jacobi,nan,nan,nan,nan,nan,nan,0.9967817725512103,546.4428000000225,nan,0.0001,0.001,float32,auto
small,sbm-n1000000-K2-d10,2,15,dynlp+push,983750,973828,9484060,2500,250,69,55464171,5.848146363477245,354.32970000010755,0.0,push,nan,0.000821321846589001,nan,125.79368128097296,nan,nan,0.9967889606788879,546.4428000000225,nan,0.0001,0.001,float32,auto
small,sbm-n1000000-K2-d10,2,15,dynlp+auto,983750,973828,9484060,2500,250,136,408131884,43.0334565576346,1745.8049000001665,0.0,push+pcg,nan,0.0005186163581123612,nan,119.19094056417036,nan,nan,0.9967889606788879,546.4428000000225,nan,0.0001,0.001,float32,auto
small,sbm-n1000000-K2-d10,2,16,dynlp,986000,976054,9527498,2500,250,15,71552765,7.510131726083805,90.85959999993065,0.0,frontier-jacobi,nan,nan,nan,nan,nan,nan,0.9967942347452088,570.4696999996486,nan,0.0001,0.001,float32,auto
small,sbm-n1000000-K2-d10,2,16,dynlp+push,986000,976054,9527498,2500,250,29,51382624,5.3930868314010665,244.85980000008567,0.0,push,nan,0.0008144390117932941,nan,125.74744085450831,nan,nan,0.9967973083456448,570.4696999996486,nan,0.0001,0.001,float32,auto
small,sbm-n1000000-K2-d10,2,16,dynlp+auto,986000,976054,9527498,2500,250,68,56680598,5.949158740311465,355.68499999999403,0.0,push,nan,0.0008567998232874492,nan,125.1365201822827,nan,nan,0.9968044800799956,570.4696999996486,nan,0.0001,0.001,float32,auto
small,sbm-n1000000-K2-d10,2,17,dynlp,988250,978278,9570918,2500,250,13,70235739,7.3384537408010395,81.5906000002542,0.0,frontier-jacobi,nan,nan,nan,nan,nan,nan,0.996828099987938,628.6560000003192,nan,0.0001,0.001,float32,auto
small,sbm-n1000000-K2-d10,2,17,dynlp+push,988250,978278,9570918,2500,250,135,70207457,7.33549874735109,483.748199999809,0.0,push,nan,0.0008276659680003373,nan,125.71904117687384,nan,nan,0.9968362776225163,628.6560000003192,nan,0.0001,0.001,float32,auto
small,sbm-n1000000-K2-d10,2,17,dynlp+auto,988250,978278,9570918,2500,250,20,229702032,24.0,472.986100000071,0.0,pcg,nan,0.00034354172839765285,nan,118.84935782666474,nan,nan,0.9968372998268386,628.6560000003192,nan,0.0001,0.001,float32,auto
small,sbm-n1000000-K2-d10,2,18,dynlp,990500,980497,9614370,2500,250,14,72351647,7.525365364553267,75.59349999974074,0.0,frontier-jacobi,nan,nan,nan,nan,nan,nan,0.9968495569083842,617.1524000001227,nan,0.0001,0.001,float32,auto
small,sbm-n1000000-K2-d10,2,18,dynlp+push,990500,980497,9614370,2500,250,414,335766994,34.92345249870766,2193.654400000014,0.0,push,nan,0.0008021111208335388,nan,120.06422640975072,nan,nan,0.99685873592678,617.1524000001227,nan,0.0001,0.001,float32,auto
small,sbm-n1000000-K2-d10,2,18,dynlp+auto,990500,980497,9614370,2500,250,47,54362566,5.654303506105964,300.6711999996696,0.0,push,nan,0.0008564326520649159,nan,125.02296027341708,nan,nan,0.9968546563630485,617.1524000001227,nan,0.0001,0.001,float32,auto
small,sbm-n1000000-K2-d10,2,19,dynlp,992750,982724,9658340,2500,250,16,72505925,7.507079373888266,98.3541000000514,0.0,frontier-jacobi,nan,nan,nan,nan,nan,nan,0.9968699248212113,553.5553999998228,nan,0.0001,0.001,float32,auto
small,sbm-n1000000-K2-d10,2,19,dynlp+push,992750,982724,9658340,2500,250,474,447466384,46.32953323241882,3422.025500000018,0.0,push,nan,0.0008388802723677853,nan,119.40341591995045,nan,nan,0.9968597490241411,553.5553999998228,nan,0.0001,0.001,float32,auto
small,sbm-n1000000-K2-d10,2,19,dynlp+auto,992750,982724,9658340,2500,250,19,222141820,23.0,511.2411999998585,0.0,pcg,nan,0.0003308292124368858,nan,118.71094013118697,nan,nan,0.9968516083864849,553.5553999998228,nan,0.0001,0.001,float32,auto
small,sbm-n1000000-K2-d10,2,20,dynlp,995000,984952,9702454,2500,250,14,73074508,7.531549028730257,118.7395000001743,0.0,frontier-jacobi,nan,nan,nan,nan,nan,nan,0.9968851273970711,490.12760000005073,nan,0.0001,0.001,float32,auto
small,sbm-n1000000-K2-d10,2,20,dynlp+push,995000,984952,9702454,2500,250,269,75171373,7.7476660028483515,1362.8284999999778,0.0,push,nan,0.0008437959682862201,nan,123.12027047977544,nan,nan,0.996870913506445,490.12760000005073,nan,0.0001,0.001,float32,auto
small,sbm-n1000000-K2-d10,2,20,dynlp+auto,995000,984952,9702454,2500,250,19,49159133,5.066670040383598,245.68129999988741,0.0,push,nan,0.0008561195997532592,nan,124.86811563863797,nan,nan,0.9968607607274264,490.12760000005073,nan,0.0001,0.001,float32,auto
